,stationid,site,stationname
0,1059555,USGS,Back_River_Crk_at_Pleasant_Cove_nr_Woolwich_Maine
1,1305207,USGS,FIRE_ISLAND_BREACH_NEAR_PELICAN_ISLAND_NY
2,204343302,USGS,CURRITUCK_SOUND_.25_MI_FROM_E_BANK_NR_COROLLA
3,204343304,USGS,CURRITUCK_SOUND_1.2_MI_FROM_E_BANK_NR_COROLLA
4,204343306,USGS,CURRITUCK_SOUND_2.1_MI_FROM_E_BANK_NR_COROLLA
5,204343308,USGS,CURRITUCK_SOUND_3.5_MI_FROM_E_BANK_NR_COROLLA
6,204343310,USGS,CURRITUCK_SOUND_4.5_MI_FROM_E_BANK_NR_COROLLA
7,209321685,USGS,INTERCOASTAL_WTRWY_ADJ_BALD_EAGLE_LN_NR_OGDEN_NC
8,217664030,USGS,BALLAST_CREEK_AT_CUBA_ST._PARRIS_ISLAND_SC
9,2203590,USGS,SAINT_CATHERINE'S_SOUND_GA
10,2228295,USGS,CUMBERLAND_SOUND_AT_SEA_CAMP_DOCK_NR_ST_MARYS_GA
11,2291780,USGS,GULF_OF_MEXICO_AT_FORT_MYERS_BEACH_FL
12,2293330,USGS,GULF_OF_MEXICO_AT_CAYO_COSTA_NEAR_BOCA_GRANDE_FL
13,2293343,USGS,MATLACHA_PASS_AT_MATLACHA_FL
14,2299689,USGS,GULF_OF_MEXICO_NEAR_VENICE_FL
15,11455530,USGS,SIMMONS_POINT_A_CHIPPS_ISLAND_NR_HONKER_BAY
16,12170302,USGS,STILLAGUMISH_EST_AT_PRT_SUSAN_BY_NR_STANDWOOD_WA
17,141030169390301,USGS,Ofu_Beach_1/5_mile_east_of_dump_American_Samoa
18,141037169391201,USGS,Ofu_Beach_near_Pool_400_American_Samoa
19,141042169391701,USGS,Ofu_Beach_1/8_mile_west_of_dump_American_Samoa
20,141052169392901,USGS,Ofu_Beach_1/2_mile_west_of_dump_American_Samoa
21,141102169370801,USGS,Olosega_Beach_at_dump_-_north_American_Samoa
22,141104169370801,USGS,Olosega_Beach_at_dump_American_Samoa
23,141105169370701,USGS,Olosega_Beach_at_dump-south_American_Samoa
24,182005064570700,USGS,LITTLE_KRUM_BAY_ST._THOMAS_USVI
25,182940066234800,USGS,PLAYA_DE_PUERTO_NUEVO_VEGA_BAJA_PR
26,194006156011701,USGS,Coastal_spring_at_berth_F8_Honokohau_Harbor_HI
27,194009156011501,USGS,Coastal_spring_at_berth_E1_Honokohau_Harbor_HI
28,194009156011601,USGS,Honokohau_Harbor_back_end_HI
29,194017156013701,USGS,Aiopio_fish_trap_north_edge_HI
30,194109156020101,USGS,Kaloko_cut_inland_edge_HI
31,204350156271001,USGS,Kihei_source_track_01_Maui_HI
32,204350156271002,USGS,Kihei_source_track_02_Maui_HI
33,204350156271003,USGS,Kihei_source_track_03_Maui_HI
34,204350156271004,USGS,Kihei_source_track_04_Maui_HI
35,204350156271005,USGS,Kihei_source_track_05_Maui_HI
36,204350156271006,USGS,Kihei_source_track_06_Maui_HI
37,204350156271007,USGS,Kihei_source_track_07_Maui_HI
38,204350156271008,USGS,Kihei_source_track_08_Maui_HI
39,204350156271009,USGS,Kihei_source_track_09_Maui_HI
40,204350156271010,USGS,Kihei_source_track_10_Maui_HI
41,204350156271011,USGS,Kihei_beach_source_tracking_11_Maui_HI
42,204350156271012,USGS,Kihei_beach_source_tracking_12_Maui_HI
43,204350156271013,USGS,Kihei_beach_source_tracking_13_Maui_HI
44,204350156271014,USGS,Kihei_beach_source_tracking_14_Maui_HI
45,204350156271015,USGS,Kihei_beach_source_tracking_15_Maui_HI
46,204350156271016,USGS,Kihei_beach_source_tracking_16_Maui_HI
47,204350156271017,USGS,Kihei_beach_source_tracking_17_Maui_HI
48,204350156271018,USGS,Kihei_beach_source_tracking_18_Maui_HI
49,204350156271019,USGS,Kihei_beach_source_tracking_19_Maui_HI
50,204350156271020,USGS,Kihei_beach_source_tracking_20_Maui_HI
51,204359156272101,USGS,Nearshore_ocean_by_Kalama_Park_Kihei_Maui_HI
52,204432156272501,USGS,Kihei_algae_sample_01_Maui_HI
53,204432156272502,USGS,Kihei_algae_sample_02_Maui_HI
54,204432156272503,USGS,Kihei_algae_sample_03_Maui_HI
55,204432156272504,USGS,Kihei_algae_sample_04_Maui_HI
56,204432156272505,USGS,Kihei_algae_sample_05_Maui_HI
57,204432156272506,USGS,Kihei_algae_sample_06_Maui_HI
58,204432156272507,USGS,Kihei_algae_sample_07_Maui_HI
59,204432156272510,USGS,Kihei_algae_sample_10_Maui_HI
60,204432156272511,USGS,Kihei_algae_sample_11_Maui_HI
61,204432156272513,USGS,Kihei_algae_sample_13_Maui_HI
62,204432156272514,USGS,Kihei_algae_sample_14_Maui_HI
63,204432156272516,USGS,Kihei_algae_sample_16_Maui_HI
64,204432156272519,USGS,Kihei_algae_sample_19_Maui_HI
65,204432156272521,USGS,Kihei_algae_sample_21_Maui_HI
66,204432156272522,USGS,Kihei_algae_sample_22_Maui_HI
67,204432156272523,USGS,Kihei_algae_sample_23_Maui_HI
68,204432156272524,USGS,Kihei_algae_sample_24_Maui_HI
69,204432156272525,USGS,Kihei_algae_sample_25_Maui_HI
70,204432156272529,USGS,Kihei_algae_sample_29_Maui_HI
71,204432156272531,USGS,Kihei_algae_sample_31_Maui_HI
72,204432156272532,USGS,Kihei_algae_sample_32_Maui_HI
73,205543156413501,USGS,Black_Rock_Spring_at_Kaanapali_Maui_HI
74,205612156413101,USGS,Lahaina_source_track_01_Maui_HI
75,205612156413102,USGS,Lahaina_source_track_02_Maui_HI
76,205612156413103,USGS,Lahaina_source_track_03_Maui_HI
77,205612156413104,USGS,Lahaina_source_track_04_Maui_HI
78,205612156413105,USGS,Lahaina_source_track_05_Maui_HI
79,205612156413106,USGS,Lahaina_source_track_06_Maui_HI
80,205612156413107,USGS,Lahaina_source_track_07_Maui_HI
81,205612156413108,USGS,Lahaina_source_track_08_Maui_HI
82,205612156413109,USGS,Lahaina_source_track_09_Maui_HI
83,205612156413110,USGS,Lahaina_source_track_10_Maui_HI
84,205612156413111,USGS,Lahaina_beach_source_tracking_11_Maui_HI
85,205612156413112,USGS,Lahaina_beach_source_tracking_12_Maui_HI
86,205612156413113,USGS,Lahaina_beach_source_tracking_13_Maui_HI
87,205612156413114,USGS,Lahaina_beach_source_tracking_14_Maui_HI
88,205612156413115,USGS,Lahaina_beach_source_tracking_15_Maui_HI
89,205612156413116,USGS,Lahaina_beach_source_tracking_16_Maui_HI
90,205612156413117,USGS,Lahaina_beach_source_tracking_17_Maui_HI
91,205612156413118,USGS,Lahaina_beach_source_tracking_18_Maui_HI
92,205612156413119,USGS,Lahaina_beach_source_tracking_19_Maui_HI
93,205612156413120,USGS,Lahaina_beach_source_tracking_20_Maui_HI
94,205703156412701,USGS,Lahaina_algae_sample_01_Maui_HI
95,205703156412702,USGS,Lahaina_algae_sample_02_Maui_HI
96,205703156412704,USGS,Lahaina_algae_sample_04_Maui_HI
97,205703156412706,USGS,Lahaina_algae_sample_06_Maui_HI
98,205703156412708,USGS,Lahaina_algae_sample_08_Maui_HI
99,205703156412710,USGS,Lahaina_algae_sample_10_Maui_HI
100,205703156412712,USGS,Lahaina_algae_sample_12_Maui_HI
101,205703156412714,USGS,Lahaina_algae_sample_14_Maui_HI
102,205703156412716,USGS,Lahaina_algae_sample_16_Maui_HI
103,205703156412718,USGS,Lahaina_algae_sample_18_Maui_HI
104,205703156412719,USGS,Lahaina_algae_sample_19_Maui_HI
105,205703156412720,USGS,Lahaina_algae_sample_20_Maui_HI
106,205703156412721,USGS,Lahaina_algae_sample_21_Maui_HI
107,205703156412722,USGS,Lahaina_algae_sample_22_Maui_HI
108,205703156412723,USGS,Lahaina_algae_sample_23_Maui_HI
109,205703156412724,USGS,Lahaina_algae_sample_24_Maui_HI
110,205703156412726,USGS,Lahaina_algae_sample_26_Maui_HI
111,205703156412727,USGS,Lahaina_algae_sample_27_Maui_HI
112,205703156412728,USGS,Lahaina_algae_sample_26B_Maui_HI
113,211526157474601,USGS,Pacific_Ocean_nr_Kulamanu_Pl_Oahu_HI
114,211628157461701,USGS,Waialae_Iki_Stream_at_Waialae_GC_Oahu_HI
115,211740157512701,USGS,Kewalo_Harbor_Oahu_HI
116,213035157500401,USGS,Kualoa_Beach_source_tracking_01_Oahu_HI
117,213035157500402,USGS,Kualoa_Beach_source_tracking_02_Oahu_HI
118,213035157500403,USGS,Kualoa_Beach_source_tracking_03_Oahu_HI
119,213035157500404,USGS,Kualoa_Beach_source_tracking_04_Oahu_HI
120,213035157500405,USGS,Kualoa_Beach_source_tracking_05_Oahu_HI
121,213035157500406,USGS,Kualoa_Beach_source_tracking_06_Oahu_HI
122,213035157500407,USGS,Kualoa_Beach_source_tracking_07_Oahu_HI
123,213035157500408,USGS,Kualoa_Beach_source_tracking_08_Oahu_HI
124,213035157500409,USGS,Kualoa_Beach_source_tracking_09_Oahu_HI
125,213035157500410,USGS,Kualoa_Beach_source_tracking_10_Oahu_HI
126,213035157500411,USGS,Kualoa_Beach_source_tracking_11_Oahu_HI
127,213035157500412,USGS,Kualoa_Beach_source_tracking_12_Oahu_HI
128,213035157500413,USGS,Kualoa_Beach_source_tracking_13_Oahu_HI
129,213035157500414,USGS,Kualoa_Beach_source_tracking_14_Oahu_HI
130,213035157500415,USGS,Kualoa_Beach_source_tracking_15_Oahu_HI
131,213035157500416,USGS,Kualoa_Beach_source_tracking_16_Oahu_HI
132,213035157500417,USGS,Kualoa_Beach_source_tracking_17_Oahu_HI
133,213035157500418,USGS,Kualoa_Beach_source_tracking_18_Oahu_HI
134,213035157500419,USGS,Kualoa_Beach_source_tracking_19_Oahu_HI
135,213035157500420,USGS,Kualoa_Beach_source_tracking_20_Oahu_HI
136,213035157500421,USGS,Kualoa_Beach_source_tracking_21_Oahu_HI
137,213035157500422,USGS,Kualoa_Beach_source_tracking_22_Oahu_HI
138,213035157500423,USGS,Kualoa_Beach_source_tracking_23_Oahu_HI
139,213035157500424,USGS,Kualoa_Beach_source_tracking_24_Oahu_HI
140,213035157500425,USGS,Kualoa_Beach_source_tracking_25_Oahu_HI
141,213332157523301,USGS,Kahana_Bay_source_tracking_01_Oahu_HI
142,213332157523302,USGS,Kahana_Bay_source_tracking_02_Oahu_HI
143,213332157523303,USGS,Kahana_Bay_source_tracking_03_Oahu_HI
144,213332157523304,USGS,Kahana_Bay_source_tracking_04_Oahu_HI
145,213332157523305,USGS,Kahana_Bay_source_tracking_05_Oahu_HI
146,213332157523306,USGS,Kahana_Bay_source_tracking_06_Oahu_HI
147,213332157523307,USGS,Kahana_Bay_source_tracking_07_Oahu_HI
148,213332157523308,USGS,Kahana_Bay_source_tracking_08_Oahu_HI
149,213332157523309,USGS,Kahana_Bay_source_tracking_09_Oahu_HI
150,213332157523310,USGS,Kahana_Bay_source_tracking_10_Oahu_HI
151,213332157523311,USGS,Kahana_Bay_source_tracking_11_Oahu_HI
152,213332157523312,USGS,Kahana_Bay_source_tracking_12_Oahu_HI
153,213332157523313,USGS,Kahana_Bay_source_tracking_13_Oahu_HI
154,213332157523314,USGS,Kahana_Bay_source_tracking_14_Oahu_HI
155,213332157523315,USGS,Kahana_Bay_source_tracking_15_Oahu_HI
156,213332157523316,USGS,Kahana_Bay_source_tracking_16_Oahu_HI
157,213332157523317,USGS,Kahana_Bay_source_tracking_17_Oahu_HI
158,213332157523318,USGS,Kahana_Bay_source_tracking_18_Oahu_HI
159,213332157523319,USGS,Kahana_Bay_source_tracking_19_Oahu_HI
160,213332157523320,USGS,Kahana_Bay_source_tracking_20_Oahu_HI
161,213332157523321,USGS,Kahana_Bay_source_tracking_21_Oahu_HI
162,213332157523322,USGS,Kahana_Bay_source_tracking_22_Oahu_HI
163,213332157523323,USGS,Kahana_Bay_source_tracking_23_Oahu_HI
164,213332157523324,USGS,Kahana_Bay_source_tracking_24_Oahu_HI
165,213332157523325,USGS,Kahana_Bay_source_tracking_25_Oahu_HI
166,215224159271501,USGS,Poipu_Beach_Park_Kauai_HI
167,215244159280701,USGS,Koloa_Landing_Kauai_HI
168,215401159363001,USGS,Hanapepe_Salt_Pond_Kauai_HI
169,215617159385801,USGS,Makaweli_Landing_near_Pakala_Village_Kauai_HI
170,215712159401401,USGS,Waimea_Bay_Landing_Kauai_HI
171,215728159204701,USGS,Unnamed_ocean_outfall_from_GC_Nawiliwili_Kauai
172,215738159210201,USGS,Kalapaki_Beach_Kauai_HI
173,215753159424401,USGS,Nearshore_ocean_near_Iwa_Rd_Kekaha_Kauai_HI
174,215934159202801,USGS,Hanamaulu_Beach_Park_Kauai_HI
175,220229159200501,USGS,Wailua_River_State_Beach_Park_Kauai_HI
176,220300159200101,USGS,Wailua_Beach_Park_Kauai_HI
177,221212159301601,USGS,Waoli_Beach_Park_Kauai_HI
178,221226159295501,USGS,Hanalei_Bay_Pavilion_at_Hanalei_Kauai_HI
179,221246159295001,USGS,Hanalei_Bay_Landing_at_Hanalei_Kauai_HI
180,221259159254101,USGS,Kalihiwai_Bay_Beach_Park_Kauai_HI
181,243249081471900,USGS,HIGGS_BEACH_PIER_AT_KEY_WEST_FL
182,243249081473900,USGS,SIMONTON_ST_SOUTH_AT_KEY_WEST_FL
183,243350081475500,USGS,KEYWEST_BIGHT_FERRY_TERMINAL_AT_KEY_WEST_FL
184,243405081330400,USGS,SB-3SW
185,243527081342800,USGS,SB-1SW
186,243608081343500,USGS,SBB-3SW
187,243629081352700,USGS,SBB-2SW
188,243700081322300,USGS,DWH_GOM_OIL_SPILL-BLM_TRACT3_NR_SUGARLOAF_KEY_FL
189,243703081323700,USGS,DWH_GOM_OIL_SPILL-BLM_TRACT2_NR_SUGARLOAF_KEY_FL
190,243716081373200,USGS,SBB-1SW
191,243737082522500,USGS,DWH_GOM_OIL_SPILL-DRY_TORTUGAS_NATIONAL_PARK_FL
192,243902081332700,USGS,DWH_GOM_OIL_SPILL-BLM_TRACT1_NR_PARK_KEY_FL
193,243916081230500,USGS,JOLLY_ROGER_DRIVE_AT_LITTLE_TORCH_KEY_FL
194,244123081223301,USGS,PINE_CHANNEL_NR_BIG_PINE_FLA.
195,244123081225301,USGS,PINE_CHANNE_NR_BIG_PINE_FL
196,244302081013000,USGS,SUNSET_PARK_AT_KEY_COLONY_BEACH_FL
197,244313081235500,USGS,DOLPHIN_STREET_AT_BIG_PINE_KEY_FL
198,244325081351500,USGS,DWH_GOM_OIL_SPILL-MARVIN_KEY_AT_GWH_NWR_FL
199,244345081000600,USGS,DWH_GOM_OIL_SPILL-COCO_PLUM_BCH_NEAR_MARATHON_FL
200,245947080425200,USGS,PANHANDLE_CUT_NR_ISLAMORADA_FL
201,250003080333500,USGS,FLORIDA_BAY_AT_COUPENS_CUT_MARKER_78_NR_KEY_LARG
202,250013080231400,USGS,KL-5SW
203,250051081003000,USGS,SANDY_KEY_CHANNEL_NR_FLAMINGO_FL
204,250512080271000,USGS,NPS_RANGER_STATION_AT_KEY_LARGOFL
205,250517080252800,USGS,KL-1SW
206,250534080564300,USGS,CONCHIE_CHANNEL_NR_FLAMINGO_FL
207,250548081015400,USGS,MIDDLE_GROUNDS_NR_FLAMINGO_FL
208,250836080552000,USGS,BUTTONWOOD_CANAL_AT_MARINA_NR_FLAMINGO
209,250840080544500,USGS,FLAMINGO_BEACH_AT_RECORDER_PLATFORM
210,251329081101100,USGS,DWH_GOM_OIL_SPILL-NW_CAPE_SABLE_BCH_NR_FLAMINGO_FL
211,251456080114700,USGS,OR-5SW
212,251845080162800,USGS,OR-1SW
213,253307081122700,USGS,LOSTMANS_RIVER_AT_RANGER_STATION_NR_FLAMINGO
214,254002080092000,USGS,DWH_GOM_OIL_SPILL-B_BAGGS_CAPE_NR_KEY_BISCAYNE_FL
215,254345080093000,USGS,BEAR_CUT_STATION_197_AND_47
216,254605080075500,USGS,ATLANTIC_OCEAN_AT_JETTIES_MIAMI_BEACH_FL
217,254706080074400,USGS,ATLANTIC_OCEAN_WHT_HOUSE_HTL_MIAMI_BEACH_FL
218,254845080071900,USGS,ATLANTIC_OCEAN_41ST_MIAMI_BEACH_FL
219,255609081440700,USGS,DWH_GOM_OIL_SPILL-TIGER_TAIL_BCH_AT_MARCO_IS_FL
220,260203080064700,USGS,ATLANTIC_OCEAN_AT_HOLLYWOOD_FL_150FT
221,260203080064800,USGS,ATLANTIC_OCEAN_50FT_HOLLYWOOD_FL
222,260454080063400,USGS,DWH_GOM_OIL_SPILL-LLOYD_BCH_AT_FT_LAUDERDALE_FL
223,260832097092501,USGS,Beach_Rp_Site_2018A_nr_South_Padre_Island_TX
224,262414081524100,USGS,BIG_CARLOS_PASS_RDG_AT_ESTERO_ISLAND_FL
225,262707081572500,USGS,GULF_OF_MEXICO_AT_FT_MYERS_BEACH_FL
226,263132082114000,USGS,DWH_GOM_OIL_SPILL-CAPTIVA_IS_BCH_NEAR_CAPTIVA_FL
227,264408082204800,USGS,CH15.1_GULF_OF_MEXICO_NEAR_PUNTA_GORDA_FL
228,264435082233000,USGS,CHARLOTTE_HARBOR_SAMPLE_SITE_CH15_GULF_OF_MEXICO
229,264921080021700,USGS,DWH_GOM_OIL_SPILL-MACARTHUR_BCH_AT_W_PALM_BCH_FL
230,265722080045400,USGS,DWH_GOM_OIL_SPILL-BLM_TRACT1_NR_JUPITER_INLET_FL
231,265722080045500,USGS,DWH_GOM_OIL_SPILL-BLM_TRACT2_NR_JUPITER_INLET_FL
232,270419082274000,USGS,GULF_OF_MEXICO_AT_VENICE_FL
233,271208080162000,USGS,MOUTH_OF_BESSY_CREEK_NR_STUART_FLA
234,271548082325801,USGS,GULF_OF_MEXICO_AT_SIESTA_BEACH_FL
235,273605082454900,USGS,DWH_GOM_OIL_SPILL-BLM_TRACT_AT_EGMONT_KEY_FL
236,273728082441800,USGS,DWH_GOM_SPILL-FORT_DESOTO_PARK_NR_ST_PETE_FL
237,275345093344800,USGS,High_Island_-_A-389-Standing
238,275839082495101,USGS,GULF_OF_MEXICO_AT_CLEARWATER_BEACH_MIDPIER_FL
239,275840082495601,USGS,GULF_OF_MEXICO_AT_CLEARWATER_BEACH_FL
240,280043094211900,USGS,1High_Island_-_A-555-A_Base
241,281035094015700,USGS,High_Island_-_A-497-A_Base
242,281257093475500,USGS,High_Island_-_A-317-A_Base
243,281345094033400,USGS,High_Island-A-492
244,282118093512200,USGS,High_Island_-_A-285-A_Base
245,282423096424200,USGS,SSS-TX-CAL-001
246,282625093430600,USGS,High_Island_-_A-271-Toppled
247,282638094170600,USGS,High_Island_-_A-424-Ship
248,282640096240900,USGS,SSS-TX-CAL-002
249,283602095584100,USGS,SSS-TX-MAT-005
250,283641096125500,USGS,SSS-TX-MAT-007
251,283709096371100,USGS,SSS-TX-CAL-003
252,283829096192400,USGS,SSS-TX-CAL-005
253,283938096244200,USGS,SSS-TX-CAL-004
254,284059095583200,USGS,SSS-TX-MAT-006
255,284314096162600,USGS,SSS-TX-MAT-001
256,284551095373700,USGS,SSS-TX-MAT-008
257,284614095370000,USGS,SSS-TX-MAT-009
258,284711096090100,USGS,SSS-TX-MAT-002
259,284715095594500,USGS,SSS-TX-MAT-003
260,285011095400600,USGS,SSS-TX-MAT-010
261,285020095511000,USGS,SSS-TX-MAT-004
262,285200095351400,USGS,SSS-TX-BRA-006
263,285206095265500,USGS,SSS-TX-BRA-004
264,285217095263001,USGS,GIWW_E_of_San_Bernard_Rv_nr_Freeport_TX
265,285425082412600,USGS,DWH_GOM_OIL_SPILL-FORT_IS_GULF_BCH_NR_CHASSAH._FL
266,285447082445100,USGS,GULF_OF_MEXICO_NEAR_CRYSTAL_RIVER_FL
267,285658095332000,USGS,SSS-TX-BRA-005
268,285659095170500,USGS,SSS-TX-BRA-003
269,290047095194700,USGS,SSS-TX-BRA-009
270,290208095235600,USGS,SSS-TX-BRA-008
271,290505095171700,USGS,SSS-TX-BRA-002
272,290510095070200,USGS,SSS-TX-GAL-015
273,290512095063101,USGS,DWH_GOM_OIL_SPILL_-_San_Luis_Pass_TX
274,290740083031200,USGS,DWH_GOM_OIL_SPILL-PINEY_POINT_BCH_AT_CEDAR_KEY_FL
275,290825095022100,USGS,SSS-TX-GAL-014
276,291032094585900,USGS,SSS-TX-GAL-013
277,291243095123000,USGS,SSS-TX-BRA-001
278,291251094571401,USGS,DWH_GOM_OIL_SPILL_-_West_Bay_Galveston_Is_Spk_TX
279,291315094564100,USGS,SSS-TX-GAL-011
280,291417094524000,USGS,SSS-TX-GAL-010
281,291537089570100,USGS,DWH_GOM_Oil_Spill-Grand_Isle_Bch_at_State_Park_LA
282,291712095075300,USGS,SSS-TX-BRA-007
283,291716094472600,USGS,SSS-TX-GAL-009
284,291748095212400,USGS,SSS-TX-BRA-011
285,291814094541900,USGS,SSS-TX-GAL-016
286,291815094461001,USGS,DWH_GOM_OIL_SPILL_-_Galveston_Island_TX
287,291851089231700,USGS,Plaquemines_Parish_Temporary_Hurricane_Station_3
288,291936089285300,USGS,Plaquemines_Parish_Temporary_Hurricane_Station_2
289,292004094450400,USGS,SSS-TX-GAL-008
290,292011095170300,USGS,SSS-TX-BRA-010
291,292121095022400,USGS,SSS-TX-GAL-018
292,292127094432901,USGS,Gal_Bay_Ent_Channel_at_N_Jetty_nr_Port_Bolivar_TX
293,292152094464700,USGS,SSS-TX-GAL-006
294,292318094430901,USGS,DWH_GOM_OIL_SPILL_-_Bolivar_Peninsula_TX
295,292328094531500,USGS,SSS-TX-GAL-017
296,292701089385700,USGS,Plaquemines_Parish_Temporary_Hurricane_Station_1
297,292705094380300,USGS,SSS-TX-GAL-001
298,292724095025200,USGS,SSS-TX-GAL-020
299,292757094385300,USGS,SSS-TX-GAL-002
300,292937094544001,USGS,DWH_GOM_OIL_SPILL_-_Galveston_Bay_nr_Eagle_Pt_TX
301,293023094572800,USGS,SSS-TX-GAL-019
302,293024094295900,USGS,SSS-TX-GAL-003
303,293048095061400,USGS,SSS-TX-GAL-021
304,293146098294102,USGS,Rapid_Deployment_Gage_1_San_Antonio_TX
305,293146098294103,USGS,Rapid_Deployment_Gage_2_San_Antonio_TX
306,293146098294104,USGS,Rapid_Deployment_Gage_3_San_Antonio_TX
307,293253094232700,USGS,SSS-TX-GAL-004
308,293306095012900,USGS,SSS-TX-GAL-022
309,293324094220601,USGS,DWH_GOM_OIL_SPILL_-_High_Island_TX
310,293429094332101,USGS,DWH_GOM_OIL_SPILL_-_East_Bay_nr_Anahuac_TX
311,293518089364300,USGS,DWH_GOM_Oil_Spill-Breton_Sound_LA
312,293531095074200,USGS,SSS-TX-HAR-003
313,293540094232500,USGS,SSS-TX-GAL-005
314,293601092203000,USGS,SSS-LA-VER-007
315,293615094403100,USGS,SSS-TX-CHA-003
316,293713094595600,USGS,SSS-TX-HAR-002
317,293808092460200,USGS,DWH_GOM_Oil_Spill-Rockefeller_Refuge_Beach_LA
318,293828092253700,USGS,SSS-LA-VER-006
319,293916094413200,USGS,SSS-TX-CHA-001
320,293946094051800,USGS,SSS-TX-JEF-009
321,294030094023700,USGS,SSS-TX-JEF-002
322,294057093572301,USGS,DWH_GOM_OIL_SPILL_-_Texas_Point_TX
323,294104094113400,USGS,SSS-TX-JEF-001
324,294108089234500,USGS,DWH_GOM_Oil_Spill-Mississippi_R._Gulf_Outlet_LA
325,294149094055400,USGS,SSS-TX-JEF-005
326,294152084460300,USGS,DWH_GOM_OIL_SPILL-ST._GEORGE_IS_SP_NR_E_POINT_FL
327,294224092403200,USGS,SSS-LA-CAM-013
328,294237094065900,USGS,SSS-TX-JEF-004
329,294240093513600,USGS,SSS-TX-JEF-006
330,294247094593600,USGS,SSS-TX-HAR-004
331,294408094501101,USGS,DWH_GOM_OIL_SPILL_-_Trinity_Bay_nr_Beach_City_TX
332,294456093394801,USGS,DWH_GOM_OIL_SPILL_-_East_Sabine_LA
333,294501093394900,USGS,SSS-LA-CAM-001
334,294543093345700,USGS,SSS-LA-CAM-002
335,294553093535200,USGS,SSS-TX-JEF-008
336,294614093005200,USGS,SSS-LA-CAM-012
337,294622094411300,USGS,SSS-TX-CHA-004
338,294626093563300,USGS,SSS-TX-JEF-007
339,294645085243000,USGS,DWH_GOM_OIL_SPILL-ST._JOE_P_SP_NR_PORT_ST._JOE_FL
340,294710093065400,USGS,SSS-LA-CAM-010
341,294815093205600,USGS,SSS-LA-CAM-003
342,294832094434900,USGS,SSS-TX-CHA-002
343,295214093044700,USGS,SSS-LA-CAM-011
344,295542093521701,USGS,DWH_GOM_OIL_SPILL_-_Sabine_Lake_TX
345,300223085260800,USGS,DWH_GOM_OIL_SPILL-BLM_LATHROP_BAYOU_NR_PANAMA_C_FL
346,3003010890628,USGS,CHANDELEUR_SOUND_AT_DOOR_POINT_LA
347,300427084105000,USGS,DWH_GOM_OIL_SPILL-ST._MARKS_NWR_NR_ST._MARKS_FL
348,300615084115800,USGS,SM-6_ST_MARKS_RIVER
349,300722089150100,USGS,Mississippi_Sound_near_Grand_Pass
350,300725084115900,USGS,SM-5_ST_MARKS_RIVER
351,300729085440900,USGS,DWH_GOM_OIL_SPILL-ST._ANDREWS_SP_NR_PANAMA_CITY_FL
352,300839084123200,USGS,SM-4_ST_MARKS_RIVER
353,300907089144500,USGS,DWH_GOM_Oil_Spill-Miss._Sound_at_Grand_Pass_LA
354,300948084132900,USGS,W-1_ST_MARKS_RIVER
355,300954084114300,USGS,SM-3_ST_MARKS_RIVER
356,301001089442600,USGS,Rigolets_at_Hwy_90_near_Slidell_LA
357,301051084111300,USGS,SM-2_ST_MARKS_RIVER
358,301112085500201,USGS,GULF_OF_MEXICO_NEAR_PANAMA_CITY_BEACH_FL
359,301151084104100,USGS,SM-1_ST_MARKS_RIVER
360,301153088540200,USGS,GULF_OF_MEXICO_1_MILE_SOUTH_OF_SHIP_ISLAND
361,301208088253600,USGS,DWH_GOM_OIL_SPILL-PETIT_BOIS_ISLAND_BEACH_MS
362,301227088582000,USGS,DWH_GOM_OIL_SPILL-WEST_SHIP_ISLAND_BEACH_MS
363,301258088295900,USGS,MISSISSIPPI_SOUND_NORTH_OF_PETIT_BOIS_ISLAND
364,301258089013000,USGS,MISSISSIPPI_SOUND_BETWEEN_CAT_AND_WEST_SHIP_ISLAND
365,301309089044700,USGS,DWH_GOM_OIL_SPILL-SOUTH_CAT_ISLAND_BEACH_MS
366,301321088353300,USGS,DWH_GOM_OIL_SPILL-EAST_HORN_ISLAND_BEACH_MS
367,301322088564600,USGS,MISSISSIPPI_SOUND_NORTH_OF_WEST_SHIP_ISLAND
368,301329088003000,USGS,DWH_GOM_Oil_Spill_Fort_Morgan_AL-4
369,301338088193500,USGS,DWH_GOM_Oil_Spill_West_Dauphin_Island
370,301341087495200,USGS,DWH_GOM_Oil_Spill_Fort_Morgan_BLM-3
371,301343087520200,USGS,DWH_GOM_Oil_Spill_BLM-2
372,301349087541600,USGS,DWH_GOM_Oil_Spill_Fort_Morgan_AL-5
373,3013500885854,USGS,SHIP_ISLAND_TIDAL_GAGE_NR_GULFPORT_MS
374,301353087561600,USGS,DHW_GOM_Oil_Spill_BLM-1
375,301354088015101,USGS,Mobile_Bay_mouth_at_Ft._Morgan
376,301358088533300,USGS,DWH_GOM_OIL_SPILL-EAST_SHIP_ISLAND_BEACH_MS
377,301424088395800,USGS,MISSISSIPPI_SOUND_NORTH_OF_HORN_ISLAND
378,301425088440600,USGS,DWH_GOM_OIL_SPILL-WEST_HORN_ISLAND_BEACH_MS
379,301428087434900,USGS,DWH_GOM_Oil_Spill_Gulf_Shores_AL-6
380,301436088055510,USGS,Dauphin_1_Pre_Deploy
381,301448088044000,USGS,DWH_GOM_Oil_Spill_Dauphin_Is._AL-3
382,301455088110300,USGS,DWH_GOM_Oil_Spill_Dauphin_Is._AL-2
383,301526089040000,USGS,MISSISSIPPI_SOUND_NORTH_OF_CAT_ISLAND
384,301527088521500,USGS,MISSISSIPPI_SOUND_AT_USGS_EAST_SHIP_ISLAND_LIGHT
385,301541089241355,USGS,MS_SOUND_AT_BUCKANEER_STATE_PARK_NR_WAVELAND_MS
386,301608087345400,USGS,DWH_GOM_Oil_Spill_Orange_Beach_AL-7
387,301621088563800,USGS,MISSISSIPPI_SOUND_4_MI._NORTH_OF_WEST_SHIP_ISLAND
388,301650089215300,USGS,MISSISSIPPI_SOUND_AT_WAVELAND_MS
389,301808089193955,USGS,MS_SOUND_AT_BAY_ST._LOUIS_MS
390,301827089173955,USGS,MS_SOUND_AT_HENDERSON_POINT_MS
391,301843089145255,USGS,MS_SOUND_AT_PASS_CHRISTIAN_HARBOUR_MS
392,301849088350000,USGS,MISSISSIPPI_SOUND_AT_USGS_ROUND_ISLAND_LIGHT_MS
393,301858089141000,USGS,DWH_GOM_OIL_SPILL-PASS_CHRISTIAN_BEACH_MS
394,301912088583300,USGS,MISSISSIPPI_SOUND_AT_USGS_GULFPORT_LIGHT_MS
395,301926086091800,USGS,DWH_GOM_OIL_SPILL-GRAYTON_BCH_SP_NR_SEASIDE_FL
396,301935089193300,USGS,NOAA_TIDE_GAGE_NO._8747437_AT_BAY_ST_LOUIS_MS
397,302031088313855,USGS,MS_SOUND_AT_CHICO_BAYOU_AT_PASCAGOULA_MS
398,302034088325200,USGS,DWH_GOM_OIL_SPILL-PASCAGOULA_BEACH_MS
399,302036088320955,USGS,MS_SOUND_AT_COUNTRY_CLUB_DR_AT_PASCAGOULA_MS
400,302040089082900,USGS,Mississippi_Sound_at_Long_Beach_Harbor_MS
401,302044089083655,USGS,MS_SOUND_AT_LONG_BEACH_MS
402,302123089025855,USGS,Mississippi_Sound_at_Fournier_Ave_at_Gulfport_MS
403,302144086581200,USGS,DWH_GOM_OIL_SPILL-GULF_IS_NS_NEAR_NAVARRE_FL
404,302147089051055,USGS,MS_SOUND_AT_GULFPORT_HARBOR_AT_GULFPORT_MS
405,3021500890522,USGS,USACE_USCG_SMALL_CRAFT_HARBOR_NR_GULFPORT_MS
406,3022010883348,USGS,PASCAGOULA_RIVER_AT_NOAA_DOCK_NR_PASCAGOULAMS
407,302228088153401,USGS,MISSISSIPPI_SOUND_NR._BAYOU_LA_BATRE/IS.AUX_HERBES
408,302237089025855,USGS,MS_SOUND_AT_MAYWOOD_RD_AT_GULFPORT_MS
409,302258086263400,USGS,DWH_GOM_OIL_SPILL-HENDERSON_BCH_SP_NR_DESTIN_FL
410,3023230885126,USGS,POINTE_CADET_USACE_TIDAL_GAGE_NR_BILOXIMS
411,302328088575655,USGS,MS_SOUND_AT_BROADWATER_MARINA_AT_BILOXI_MS
412,302336088535800,USGS,DWH_GOM_OIL_SPILL-BILOXI_BEACH_MS
413,3023550881525,USGS,BAYOU_LA_BATRE_TIDAL_GAGE_NR_BAYOU_LA_BATRE_AL
414,302421088495255,USGS,BILOXI_BAY_AT_JACKSON_AVE_AT_OCEAN_SPRINGS_MS
415,3028140880004,USGS,MOBILE_BAY_MIDDLEGBAY_TIDAL_GAGE_NR_POINT_CLEARAL
416,304443081273101,USGS,DUNGENESS_BEACH_CUMBERLAND_ISLAND_GA.
417,304551081273501,USGS,SEA_CAMP_BEACH_CUMBERLAND_ISLAND_GA.
418,304823081265401,USGS,STAFFORD_BEACH_CUMBERLAND_ISLAND_GA.
419,305313081244901,USGS,SOUTH_CUT_TRAIL_BEACH_CUMBERLAND_ISLAND_GA.
420,305436081241701,USGS,NORTH_CUT_ROAD_BEACH_CUMBERLAND_ISLAND_GA.
421,320823080483100,USGS,HEDDY_GUTTER_CRK_AT_DEER_ISLAND_RD_HILTON_HEAD_SC
422,321036080461100,USGS,BROAD_CREEK_AT_US278_AT_HILTON_HEADSC
423,321212080420000,USGS,BROAD_CRK_AT_S-44_MATTHEWS_DR_HILTON_HEAD_ISL_SC
424,321352080473800,USGS,MACKAYS_CREEK_AT_US_278_NEAR_HILTON_HEADSC
425,321354080554400,USGS,ROSE_DHU_CRK_AT_SC46_NR_BLUFFTON_SC
426,321713080485000,USGS,COLLETON_RIV_AT_W_MARICULTURE_CTR_NR_BLUFFTON_SC
427,321722080555000,USGS,OKATIE_RIVER_AT_US_278_NR_BLUFFTON_SC
428,322005080401800,USGS,BALLAST_CRK_AT_CUBA_ST_PARRIS_ISLAND_SC
429,322033080274700,USGS,FRIPP_ISLAND_INLET_AT_US21_NR_HUNTING_ISLANDSC
430,322107080420500,USGS,RIBBON_CRK_AT_3RD_POND_RD_PARRIS_ISLAND_SC
431,322226080501300,USGS,CHECHESSEE_RIVER_AT_SC170_NEAR_LAUREL_BAYSC
432,322234080430000,USGS,BATTERY_CREEK_AT_SC802_NEAR_PORT_ROYALSC
433,322324080463000,USGS,BROAD_RIVER_AT_SC170_NEAR_BEAUFORTSC
434,322411080265900,USGS,HARBOR_RIVER_AT_US_21_NEAR_HUNTING_ISLANDSC
435,322548080401100,USGS,BEAUFORT_RIVER_AT_US21_SEAWALL_BEAUFORT_SC
436,322710080420800,USGS,ALBERGOTTI_CRK_BOAT_RAMP_AT_MCAS_NR_BEAUFORT_SC
437,322901080355900,USGS,LUCY_CREEK_AT_SC802_NEAR_BEAUFORT_SC
438,323218117102601,USGS,019S003W10_S_1
439,323220117100101,USGS,019S003W11_S_2
440,323221117095001,USGS,019S003W11_S_1
441,323222117092801,USGS,019S003W02_S_2
442,323223117091401,USGS,0192003W02_S_1
443,323225117085201,USGS,019S003W01_S_2
444,323227117082801,USGS,019S003W01_S_1
445,323231117074401,USGS,019S002W06_S_2
446,323331080164600,USGS,STORE_CREEK_AT_SC174_EDISTO_ISLAND_SC
447,323551080114700,USGS,BOHICKET_CREEK_AT_BOAT_CLUB_NEAR_ROCKVILLESC
448,323603080463800,USGS,HUSPA_CREEK_AT_US17_NEAR_SHELDON_SC
449,323646080285200,USGS,ASHEPOO_RIVER_AT_S-36_NEAR_GREEN_POND_SC
450,323739080014300,USGS,CINDER_CRK_.35_MI_DN_EAGLE_PT_RD_KIAWAH_ISLANDSC
451,323808080202900,USGS,DAWHO_RIVER_AT_SC_174_NEAR_EDISTO_BEACHSC
452,323908080410100,USGS,COMBAHEE_RIVER_AT_US17_NR_GARDENS_CORNER_SC
453,323935117181001,USGS,017S004W28_S
454,323945079563800,USGS,FOLLY_RIVER_AT_SC_171_NEAR_FOLLY_BEACHSC
455,324222079565600,USGS,SEASIDE_CRK_AT_SEASIDE_PLT._BT_RP_NR_JAMES_ISL_SC
456,324504079515200,USGS,SITE_5-NEAR_FORT_SUMTER_CHARLESTONSC
457,324544079512400,USGS,FT._MOULTRIE_VISTOR_CTR_AT_SULLIVANS_ISLAND_SC
458,324544079520700,USGS,G-25_BUOY
459,324601079582600,USGS,WAPPOO_CREEK_AT_SC171_NEAR_JAMES_ISLANDSC
460,324618079503000,USGS,AIW_AT_SC703_NEAR_SULLIVANS_ISLANDSC
461,324619117160701,USGS,016S004W23_S_1
462,324623079503000,USGS,AIW_AT_BEN_SAWYER_BRIDGE_AT_SULLIVANS_ISLAND_SC
463,324634079484400,USGS,BREACH_INLET_AT_SC_HWY_703_AT_SULLIVANS_ISLAND_SC
464,324636079483900,USGS,BREACH_INLET_AT_SC_703_NEAR_SULLIVANS_ISLANDSC
465,324647079572400,USGS,SITE_2_NEAR_ASHLEY_MARINA_CHARLESTONSC
466,324704079573100,USGS,ASHLEY_RIVER_AT_US17_NEAR_CHARLESTONSC
467,324723079471800,USGS,AIW_AT_SC_517_NEAR_ISLE_OF_PALMSSC
468,324736080032400,USGS,LONG_BRANCH_AT_US17_NEAR_CHARLESTON_SC
469,324843079511600,USGS,SHEM_CREEK_AT_BOWMAN_RD_CHARLESTON_SC
470,324856079483200,USGS,MARSH_CREEK_AT_SC_517_NR_ISLE_OF_PALMS_SC
471,324943079533700,USGS,SITE_3_AT_POC_WANDO_WELCH_MT_PLEASANTSC
472,324958079560000,USGS,SITE_1_AT_COOPER_RIVER_MARINA_N_CHARLESTONSC
473,325521079493800,USGS,WANDO_RIVER_AT_SC41_NEAR_MT_PLEASANTSC
474,330149079373100,USGS,AWENDAW_CREEK_AT_US17_NEAR_AWENDAW_SC
475,330428079214800,USGS,SKRINE_CREEK_NEAR_MCCLELLENVILLE_SC
476,332143079225900,USGS,SAMPIT_RIVER_AT_3V_PLANT_NR_GEORGETOWN_SC
477,332201079160400,USGS,PEE_DEE_RIVER_AT_US_17_NEAR_GEORGETOWN_SC
478,332203079100900,USGS,DEBIDUE_C_AT_DEBORDIEU_ISL_BT_RP_NR_GEORGETOWN_SC
479,332336079225100,USGS,PORTS_CRK_AT_US17A/521_NR_GEORGETOWN_SC
480,332531079075000,USGS,PAWLEYS_ISLAND_S.CAUSEWAY_S-266_PAWLEYS_ISLAND_SC
481,332606079072300,USGS,PAWLEYS_CRK_AT_N_CAUSEWAY_RD_NR_PAWLEYS_ISLANDSC
482,332809079164600,USGS,SIX_MILE_CREEK_AT_US701_NR_PLANTERSVILLE_SC
483,332815079060400,USGS,CLUB_HOUSE_CREEK_AT_S-302_AT_LITCHFIELD_BEACH_SC
484,333047079105100,USGS,CHAPEL_CREEK_AT_S-52_NR_PLANTERSVILLE_SC
485,333136079015300,USGS,MURRELLS_INLET_JETTYS_AT_HUNTINGTON_STATE_PARKSC
486,333317079020300,USGS,PARSONAGE_CREEK_AT_BELIN_UMC_NR_MURRELLS_INLETSC
487,333343079050800,USGS,WACCAMAW_R._AT_WACCA_WACHE_MARINEMURRELLS_INL_SC
488,333447079001200,USGS,AIW_AT_ATLANTIC_AVE._NEAR_GARDEN_CITYSC
489,333609078582600,USGS,SURFSIDE_BEACH_AT_3RD_AVENUE_SOUTH_SWASHSC
490,333829078565200,USGS,SWASH_AT_US17_NEAR_SURFSIDE_SC
491,333935078550100,USGS,MIDWAY_SWASH_AT_S-73_NR_SPRINGMAID_BEACHSC
492,334052078533000,USGS,WITHERS_SWASH_AT_S_OCEAN_BLVD_NR_MYRTLE_BEACHSC
493,334159078561300,USGS,UNNAMED_TRIB_TO_AIW_AT_US_17_NR_FOREST_BROOK_SC
494,334500079043900,USGS,HALFWAY_SWAMP_AT_US701_TODDVILLE_SC
495,334531078473400,USGS,SINGLETON_SWASHEND_OF_SHORE_DRBRIARCLIFFACRESSC
496,334553078490000,USGS,AIW_AT_GRANDE_DUNES_MARINA_NR_MYRTLE_BEACH_SC
497,334734078441100,USGS,WHITEPOINT_SWASH_AT_48_AVE_S_BRIARCLIFF_ACRES_SC
498,335026078370000,USGS,WILLIAMS_CRK_AT_S-1046CHERRY_GROVE_BEACH_SC
499,335318078353400,USGS,MULLETT_CREEK_NEAR_LITTLE_RIVER_SC
500,340150118405701,USGS,MALIBU_POINT_OCEAN_FRONT_SITE_A_MALIBU_CA
501,340151118410101,USGS,MALIBU_POINT_KELP_A_MALIBU_CA
502,340155118404701,USGS,MALIBU_POINT_OFFSHORE_A_MALIBU_CA
503,340156118405203,USGS,MALIBU_POINT_SAND_A_MALIBU_CA
504,340156118413101,USGS,MALIBU_COLONY_OLD_OFFSHORE_DEEP_A_MALIBU_CA
505,340157118404901,USGS,MALIBU_LAGOON_BERM_A_MALIBU_CA
506,340157118413102,USGS,MALIBU_COLONY_BEACH_OLD_A_MALIBU_CA
507,340157118413302,USGS,MALIBU_COLONY_BEACH_ADV_A_MALIBU_CA
508,340158118434901,USGS,CORRAL_BEACH_OCEAN_FRONT_SITE_NR_MALIBU_CA
509,340206118404201,USGS,MALIBU_BEACH_OCEAN_FRONT_SITE_A_MALIBU_CA
510,342433119412401,USGS,SANTA_BARBARA_COASTAL_SITE_AT_SANTA_BARBARA_CA
511,342434119412401,USGS,SANTA_BARBARA_COASTAL_SITE_2
512,361101075444401,USGS,ATLANTIC_OCEAN_AT_USACE_FRF_NEAR_DUCK_NC
513,362002075540401,USGS,CURRITUCK_SOUND_4.5_MI_FROM_E_BANK_NR_COROLLA_NC
514,362019075531301,USGS,CURRITUCK_SOUND_3.5_MI_FROM_E_BANK_NR_COROLLA_NC
515,362035075514301,USGS,CURRITUCK_SOUND_2.1_MI_FROM_E_BANK_NR_COROLLA_NC
516,362048075504901,USGS,CURRITUCK_SOUND_1.2_MI_FROM_E_BANK_NR_COROLLANC
517,362103075493801,USGS,CURRITUCK_SOUND_.25_MI_FROM_E_BANK_NR_COROLLA_NC
518,364136075553000,USGS,ATLANTIC_OCEAN_AT_LITTLE_ISL_PK_NR_SANDBRIDGE_VA
519,365037075581800,USGS,ATLANTIC_OCEAN_AT_VB_PIER_AT_VIRGINIA_BEACH_VA
520,370212076173000,USGS,CHESAPEAKE_BAY_AT_CHESAPEAKE_HEIGHTS_VA
521,370552075585000,USGS,CHESAPEAKE_BAY_AT_FISHERMANS_ISLAND_VA
522,370741075565800,USGS,VIRGINIA_INSIDE_PASSAGE_AT_KIPTOPEKE_VA
523,371554076010200,USGS,CAPE_CHARLES_HARBOR_AT_CAPE_CHARLES_VA
524,374358075352200,USGS,METOMPKIN_BAY_NEAR_PARKSLEY_VA
525,374948122321401,USGS,RODEO_COVE_OCEAN_FRONT_SITE_NR_SAUSALITO_CA
526,401741073584301,USGS,Atlantic_Ocean_450'_N_Bath_Ave_at_Long_Branch_NJ
527,4032340740802,USGS,RDG_ON_STATEN_ISLAND_NY
528,4038360731548,USGS,RDG_ON_CAPTREE_ISLAND_NY
529,403836073154801,USGS,RDG_ON_CAPTREE_ISLAND_NY
530,405432073353801,USGS,Long_Island_Sound_at_Lattingtown_NY
531,405759072571801,USGS,Long_Island_Sound_at_Sound_Beach_NY
532,411838071513000,USGS,WATCH_HILL_COVE_TIDE_GAGE_WESTERLY_RI
533,412657071265900,USGS,PETTAQUAMSCUTT_RIVER_BOSTON_NECK_ROAD_(Rt_1A)RI
534,412754071113401,USGS,RI-SSN-015
535,412932071124701,USGS,SAKONNET_RIVER_NEAR_CHURCH_POINT_RI
536,413052071131601,USGS,RI-SAKONNET-015
537,413155071134801,USGS,RI-SAKONNET-014
538,413252071131501,USGS,SAKONNET_RIVER_NEAR_FOGLAND_BEACH_RI
539,413325071140801,USGS,RI-SAKONNET-013
540,413348071125101,USGS,RI-SAKONNET-012
541,413445071140701,USGS,RI-SAKONNET-010
542,413449071123801,USGS,RI-SAKONNET-011
543,413515071133301,USGS,RI-SAKONNET-009
544,413547071123401,USGS,RI-SAKONNET-008
545,413626071142101,USGS,RI-SAKONNET-007
546,413636071131201,USGS,RI-SAKONNET-016
547,413642071125701,USGS,SAKONNET_RIVER_NEAR_GOULD_ISLAND_RI
548,413649071124501,USGS,Private_Dock_east_of_Gould_Island_Tiverton_RI
549,413657071122001,USGS,RI-SAKONNET-004
550,413703071142101,USGS,RI-SAKONNET-006
551,413711071124101,USGS,RI-SAKONNET-005
552,413711071142401,USGS,RI-SSN-014
553,413745071125601,USGS,RI-SAKONNET-003
554,413750071132501,USGS,RI-SAKONNET-002
555,413805071124501,USGS,Pirate_Cove_North_YardTiverton_RI
556,413833071130001,USGS,Brewer_Marina_South_Yard_Portsmouth_RI
557,413844071124901,USGS,RI-SAKONNET-001
558,414507070091400,USGS,SESUIT_HARBOR_TIDE_GAGE_AT_DENNIS_MA
559,414524070445100,USGS,WAREHAM_RIVER_RT_6_WAREHAM_MA
560,414945071224100,USGS,SEEKONK_RIVER_AT_HENDERSON_BRIDGERI
561,415029070280301,USGS,MASSACHUSETTS_BAY_COASTA
562,420043070081401,USGS,MASSACHUSETTS_BAY_COASTAL_STUDIES_SITE_5N
563,421702071021600,USGS,BOSTON_HARBOR_AT_NEPONSET_RIVERQUINCY_MA
564,423213070531700,USGS,DANVERS_RIVER_RT_1A_SALEM_MA
565,42454407050520,USGS,PARKER_RIVER_RT_1AHIGH_ROAD_NEWBURYMA
566,431625070351201,USGS,Tide_Monitor_at_Bourne_Ave_near_Wells_Maine
567,431655070345501,USGS,Tide_Monitor_at_Furbish_Road_near_Wells_Maine
568,432948070231201,USGS,Tide_Monitor_below_Route_9_at_Ocean_Park_Maine
569,441512068202701,USGS,Tide_Monitor_at_Adam's_Bridge_near_Tremont_Maine
570,441915068111901,USGS,Tide_Monitor_at_Thunder_Hole_nr_Bar_Harbor_Maine
571,441945068110001,USGS,Tide_Monitor_at_Newport_Cove_nr_Bar_Harbor_Maine
572,442536068215001,USGS,Tide_Monitor_at_Thompson_Island_nr_Trenton_Maine
573,470644122425401,USGS,PILING_6_NISQUALLY_NATIONAL_WILDLIFE_REFUGE
574,471635122275001,USGS,COMMENCEMENT_BAY_NR_OLD_TOWN
575,471725122243901,USGS,COMMENCEMENT_BAY_NR_MARINE_VIEW_DR
576,471817122264101,USGS,COMMENCEMENT_BAY_NR_BROWNS_POINT_WA
577,471906122321801,USGS,POINT_DEFIANCE_NR_RUSTON_WA
578,472217122272401,USGS,QUARTER_MASTER_HARBOR_NR_DOCKTON_WA
579,50047330,USGS,RIO_DE_LA_PLATA_AT_MOUTH_NEAR_DORADO_DORADO_PR
580,50049950,USGS,BAHIA_DE_SAN_JUAN_AT_LA_PUNTILLA_SAN_JUAN_PR
581,50050047,USGS,LAGUNA_DEL_CONDADO_OCEAN_INLET
582,50113615,USGS,LAGUNA_CABULLONES_STATION_1_PONCE_PR
583,50113617,USGS,LAGUNA_CABULLONES_STATION_2_PONCE_PR
584,50113619,USGS,LAGUNA_CABULLONES_STATION_3_PONCE_PR
585,50113625,USGS,LAGUNA_CABULLONES_AT_CANAL_INLET_PONCE_PR
586,50114730,USGS,PONCE_HARBOR_AT_PLAYA_DE_PONCE_PR
587,50129935,USGS,CANO_BOQUERON_NO.3_AT_BOQUERON_CABO_ROJO_PR
588,50129948,USGS,CANO_BOQUERON_NO.4_AT_BOQUERON_CABO_ROJO_PR
589,50129960,USGS,CANO_BOQUERON_NO.5_AT_BOQUERON_CABO_ROJO_PR
590,50231500,USGS,LAGUNA_BAHIA_MOSQUITO_NO.1_VIEQUES_PR
591,50231502,USGS,LAGUNA_BAHIA_MOSQUITO_NO_7_AT_VIEQUES_PR
592,50231507,USGS,LAGUNA_BAHIA_MOSQUITO_NO._4_AT_VIEQUES_PR
593,50231510,USGS,LAGUNA_BAHIA_MOSQUITO_NO.2_VIEQUES_PR
594,50231513,USGS,LAGUNA_BAHIA_MOSQUITO_NO._5_AT_VIEQUES_PR
595,50231520,USGS,LAGUNA_BAHIA_MOSQUITO_NO._6_AT_VIEQUES_PR
